Date,Audit ID,Agent Tenure,Question Discrepancies,TL Outcome,QA Outcome,Outcome Aligned?,Tolerance,Variance,Consumer Duty,Date_New,Date_New - Copy,TL List.TL Anonymised,Month_Number
45691,509,Over 3 (BAU),"8,9,12",Good Outcome with Failures,Good Outcome with Failures,Aligned,Within Tolerance,Pass with 3 Variance ,N/A,03/02/2025,February,TL_01,2
45705,548,Over 3 (BAU),"3,4,5,6,10,11,12,15",Good Outcome with Failures,Poor Outcome - Advisor,Unaligned,Out with Tolerance ,Failed - Outcome - with 8 Variance ,N/A,17/02/2025,February,TL_01,2
45691,508,Over 3 (BAU),"1,2,3",Good Outcome,Good Outcome,Aligned,Within Tolerance,Pass with 3 Variance ,N/A,03/02/2025,February,TL_02,2
45691,510,Over 3 (BAU),"1,2,3,6,10,12",Good Outcome with Failures,Good Outcome with Failures,Aligned,Out with Tolerance ,Failed - with 6 variances ,Aligned,03/02/2025,February,TL_02,2
45692,535,LCA,"4,5,6,10,11,12,13,15",Poor Outcome - Advisor,Poor Outcome - Advisor,Aligned,Out with Tolerance ,Failed - with 8 variances ,Misaligned ,04/02/2025,February,TL_03,2
45693,536,LCA,"4,5,6,10,11,12,14,15",Poor Outcome - Advisor,Poor Outcome - Advisor,Aligned,Out with Tolerance ,Failed - with 8 variances ,Misaligned ,05/02/2025,February,TL_03,2
45700,592,Gradbay,"4,15",Good Outcome,Good Outcome,Aligned,Within Tolerance,Pass with 2 Variance ,N/A,12/02/2025,February,TL_03,2
45701,594,Gradbay,"3,6,10",Good Outcome with Failures,Poor Outcome - Advisor,Unaligned,Out with Tolerance ,Failed - Outcome - with 3 Variance ,Aligned,13/02/2025,February,TL_03,2
45701,596,Gradbay,"12,13,15",Poor Outcome - Advisor,Poor Outcome - Advisor,Aligned,Within Tolerance,Pass with 3 Variance ,Aligned,13/02/2025,February,TL_03,2
45692,532,Over 3 (BAU),12,Poor Outcome - Advisor,Poor Outcome - Advisor,Aligned,Within Tolerance,Pass with 1 Variance ,Aligned,04/02/2025,February,TL_04,2
45693,542,Over 3 (BAU),"2,5,10,12,15",Good Outcome with Failures,Poor Outcome - Advisor,Unaligned,Out with Tolerance ,Failed - Outcome - with 5 Variance ,Aligned,05/02/2025,February,TL_04,2
45701,612,Over 3 (BAU),"2,4",Poor Outcome - Advisor,Poor Outcome - Advisor,Aligned,Within Tolerance,Pass with 2 Variance ,Aligned,13/02/2025,February,TL_04,2
45692,538,LCA,"10,13",Poor Outcome - Advisor,Poor Outcome - Advisor,Aligned,Within Tolerance,Pass with 2 Variance ,Aligned,04/02/2025,February,TL_05,2
45693,539,Nesting,"6,12,15",Good Outcome with Failures,Good Outcome with Failures,Aligned,Within Tolerance,Pass with 3 Variance ,Aligned,05/02/2025,February,TL_06,2
45694,541,Nesting,"3,4,6,10,16",Good Outcome with Failures,Poor Outcome - Advisor,Unaligned,Out with Tolerance ,Failed - Outcome - with 5 Variance ,N/A,06/02/2025,February,TL_06,2
45706,642,Nesting,"2, 4, 11, 12,15",Poor Outcome - Advisor,Poor Outcome - Advisor,Aligned,Out with Tolerance ,Failed - with 5 variances ,Aligned,18/02/2025,February,TL_06,2
45694,545,Over 3 (BAU),"6,9,13,15",Good Outcome,Good Outcome with Failures,Unaligned,Out with Tolerance ,Failed - Outcome - with 4 Variance ,N/A,06/02/2025,February,TL_07,2
45695,546,Nesting,"10,11,12,15",Poor Outcome - Advisor,Poor Outcome - Advisor,Aligned,Out with Tolerance ,Failed - with 4 variances ,Aligned,07/02/2025,February,TL_07,2
45698,550,Over 3 (BAU),11,Good Outcome,Good Outcome with Failures,Unaligned,Out with Tolerance ,Failed - Outcome - with 1 Variance ,N/A,10/02/2025,February,TL_07,2
45698,574,Gradbay,"3,10,12",Good Outcome with Failures,Good Outcome with Failures,Aligned,Within Tolerance,Pass with 3 Variance ,Misaligned ,10/02/2025,February,TL_08,2
45699,575,Gradbay,"2,5,12",Poor Outcome - Advisor,Poor Outcome - Advisor,Aligned,Within Tolerance,Pass with 3 Variance ,Misaligned ,11/02/2025,February,TL_08,2
45706,640,Gradbay,"4,10,12",Good Outcome with Failures,Good Outcome with Failures,Aligned,Within Tolerance,Pass with 3 Variance ,Misaligned ,18/02/2025,February,TL_08,2
45698,571,Gradbay,"5,9,11,12,15",Good Outcome with Failures,Good Outcome with Failures,Aligned,Out with Tolerance ,Failed - with 5 variances ,Misaligned ,10/02/2025,February,TL_09,2
45699,565,Gradbay,"6, 9, 15 ",Poor Outcome - Advisor,Poor Outcome - Advisor,Aligned,Within Tolerance,Pass with 3 Variance ,Aligned,11/02/2025,February,TL_09,2
45700,572,Gradbay,"3,5,10,11,12,14,15,19",Good Outcome with Failures,Poor Outcome - Advisor,Unaligned,Out with Tolerance ,Failed - Outcome - with 8 Variance ,N/A,12/02/2025,February,TL_09,2
45702,626,Gradbay,"10,12",Good Outcome with Failures,Poor Outcome - Advisor,Unaligned,Out with Tolerance ,Failed - Outcome - with 2 Variance ,Aligned,14/02/2025,February,TL_09,2
45702,627,Gradbay,6,Good Outcome with Failures,Good Outcome with Failures,Aligned,Within Tolerance,Pass with 1 Variance ,Aligned,14/02/2025,February,TL_09,2
45705,633,Gradbay,15,Poor Outcome - Advisor,Poor Outcome - Advisor,Aligned,Within Tolerance,Pass with 1 Variance ,Aligned,17/02/2025,February,TL_09,2
45705,638,Gradbay,"2, 10",Poor Outcome - Advisor,Poor Outcome - Advisor,Aligned,Within Tolerance,Pass with 2 Variance ,Aligned,17/02/2025,February,TL_09,2
45705,623,Gradbay,"2,10",Poor Outcome - Advisor,Poor Outcome - Advisor,Aligned,Within Tolerance,Pass with 2 Variance ,Aligned,17/02/2025,February,TL_09,2
45706,644,Gradbay,"6,10,11",Poor Outcome - Advisor,Poor Outcome - Advisor,Aligned,Within Tolerance,Pass with 3 Variance ,Misaligned ,18/02/2025,February,TL_09,2
45707,590,Gradbay,"3,4,5,10,11,12,13,15",Good Outcome with Failures,Poor Outcome - Advisor,Unaligned,Out with Tolerance ,Failed - Outcome - with 8 Variance ,N/A,19/02/2025,February,TL_03,2
45707,645,Over 3 (BAU),"2,3,4,10,12,15",Poor Outcome - Advisor,Poor Outcome - Advisor,Aligned,Out with Tolerance ,Failed - with 6 variances ,Misaligned ,19/02/2025,February,TL_06,2
45707,599,Gradbay,"2,3,10,11,12,15",Good Outcome,Poor Outcome - Advisor,Unaligned,Out with Tolerance ,Failed - Outcome - with 6 Variance ,N/A,19/02/2025,February,TL_03,2
45708,630,Nesting,"3,4,5,8,10,11,12,13,15",Good Outcome with Failures,Good Outcome with Failures,Aligned,Out with Tolerance ,Failed - with 9 variances ,N/A,20/02/2025,February,TL_07,2
45708,669,Gradbay,"4,5",Poor Outcome - Advisor,Poor Outcome - Advisor,Aligned,Within Tolerance,Pass with 2 Variance ,Aligned,20/02/2025,February,TL_08,2
45708,679,Gradbay,"4,10,15",Good Outcome with Failures,Poor Outcome - Advisor,Unaligned,Out with Tolerance ,Failed - Outcome - with 3 Variance ,Aligned,20/02/2025,February,TL_09,2
45709,688,LCA,"5,12,15",Good Outcome with Failures,Good Outcome with Failures,Aligned,Within Tolerance,Pass with 3 Variance ,N/A,21/02/2025,February,TL_03,2
45709,543,Over 3 (BAU),"2,8,11,12,15",Good Outcome with Failures,Good Outcome with Failures,Aligned,Out with Tolerance ,Failed - with 5 variances ,N/A,21/02/2025,February,TL_02,2
45709,680,Gradbay,"11,12,15 ",Poor Outcome - Advisor,Poor Outcome - Advisor,Aligned,Within Tolerance,Pass with 3 Variance ,Aligned,21/02/2025,February,TL_09,2
45709,684,Gradbay,"11,15,19",Poor Outcome - Advisor,Poor Outcome - Advisor,Aligned,Within Tolerance,Pass with 3 Variance ,Aligned,21/02/2025,February,TL_09,2
45712,689,LCA,"4,10,11,12,13,15",Good Outcome with Failures,Good Outcome with Failures,Aligned,Out with Tolerance ,Failed - with 6 variances ,N/A,24/02/2025,February,TL_03,2
45712,682,Over 3 (BAU),"6,10, 12",Good Outcome,Good Outcome with Failures,Unaligned,Out with Tolerance ,Failed - Outcome - with 3 Variance ,N/A,24/02/2025,February,TL_02,2
45712,686,Over 3 (BAU),12,Good Outcome with Failures,Good Outcome with Failures,Aligned,Within Tolerance,Pass with 1 Variance ,N/A,24/02/2025,February,TL_02,2
45713,699,Over 3 (BAU),"5,6,10,12",Good Outcome with Failures,Poor Outcome - Advisor,Unaligned,Out with Tolerance ,Failed - Outcome - with 4 Variance ,N/A,25/02/2025,February,TL_02,2
45713,696,Gradbay,"3,4,10,15,16",Poor Outcome - Advisor,Good Outcome with Failures,Unaligned,Out with Tolerance ,Failed - Outcome - with 5 Variance ,N/A,25/02/2025,February,TL_08,2
45713,723,LCA,"4,5,10,12,14",Poor Outcome - Advisor,Poor Outcome - Advisor,Aligned,Out with Tolerance ,Failed - with 5 variances ,Misaligned ,25/02/2025,February,TL_10,2
45713,734,Gradbay,"2,4",Poor Outcome - Advisor,Poor Outcome - Advisor,Aligned,Within Tolerance,Pass with 2 Variance ,Aligned,25/02/2025,February,TL_11,2
45713,738,Gradbay,"4,5,10,12",Poor Outcome - Advisor,Poor Outcome - Advisor,Aligned,Out with Tolerance ,Failed - with 4 variances ,Aligned,25/02/2025,February,TL_11,2
45714,704,Over 3 (BAU),"3,4,14,19",Poor Outcome - Advisor,Poor Outcome - Advisor,Aligned,Out with Tolerance ,Failed - with 4 variances ,Aligned,26/02/2025,February,TL_12,2
45714,767,Over 3 (BAU),"3,6,15",Good Outcome with Failures,Good Outcome with Failures,Aligned,Within Tolerance,Pass with 3 Variance ,Aligned,26/02/2025,February,TL_12,2
45715,727,LCA,"3,16",Poor Outcome - Advisor,Good Outcome with Failures,Unaligned,Out with Tolerance ,Failed - Outcome - with 2 Variance ,Aligned,27/02/2025,February,TL_10,2
45715,728,Gradbay,"4,5,11,12,13,15,19",Poor Outcome - System/Process,Poor Outcome - Advisor,Unaligned,Out with Tolerance ,Failed - Outcome - with 7 Variance ,Aligned,27/02/2025,February,TL_13,2
45715,773,Gradbay,"2,11",Poor Outcome - Advisor,Poor Outcome - Advisor,Aligned,Within Tolerance,Pass with 2 Variance ,Aligned,27/02/2025,February,TL_14,2
45715,793,Gradbay,"2,4,7,10",Good Outcome with Failures,Good Outcome with Failures,Aligned,Out with Tolerance ,Failed - with 4 variances ,Aligned,27/02/2025,February,TL_14,2
45716,817,Gradbay,"4,5,10,11",Poor Outcome - Advisor,Poor Outcome - Advisor,Aligned,Within Tolerance,Failed - with 4 variances ,Misaligned ,28/02/2025,February,TL_09,2
45716,818,Gradbay,"2,5,6,14,15",Poor Outcome - advisor,Poor Outcome - Advisor,Unaligned,Out with Tolerance ,Failed - Outcome - with 5 Variance ,Misaligned ,28/02/2025,February,TL_09,2
45716,791,Gradbay,"3,15,16,17",Poor Outcome - Advisor,Poor Outcome - Advisor,Aligned,Out with Tolerance ,Failed - with 4 variances ,Aligned,28/02/2025,February,TL_15,2
45716,800,Gradbay,10,Good Outcome,Good Outcome,Aligned,Within Tolerance,Pass with 1 Variance ,N/A,28/02/2025,February,TL_15,2
45716,812,Nesting,"4,5,6,10",Poor Outcome - Advisor,Poor Outcome - Advisor,Aligned,Out with Tolerance ,Failed - with 4 variances ,Aligned,28/02/2025,February,TL_16,2
45716,816,Nesting,"4,11,12,13,14",Good Outcome with Failures,Good Outcome with Failures,Aligned,Out with Tolerance ,Failed - with 5 variances ,Aligned,28/02/2025,February,TL_16,2
45722,909,Gradbay,"4,6,10,11,15",Good Outcome with Failures,Good Outcome with Failures,Aligned,Out with Tolerance ,Failed - with 5 variances ,Aligned,06/03/2025,March,TL_09,3
45722,917,Gradbay,6,Poor Outcome - Advisor,Good Outcome with Failures,Unaligned,Out with Tolerance ,Failed - Outcome - with 1 Variance ,Aligned,06/03/2025,March,TL_09,3
45723,914,Gradbay,"3,15,16",Poor Outcome - Advisor,Poor Outcome - Advisor,Aligned,Out with Tolerance ,Pass with 3 Variance ,Aligned,07/03/2025,March,TL_13,3
45723,953,Gradbay,"3,4,6,10,11,12,13,15",Good Outcome with Failures,Poor Outcome - Advisor,Unaligned,Out with Tolerance ,Failed - Outcome - with 8 Variance ,N/A,07/03/2025,March,TL_14,3
45723,950,Gradbay,"10,11,12,13,15",Good Outcome,Good Outcome with Failures,Unaligned,Out with Tolerance ,Failed - Outcome - with 5 Variance ,N/A,07/03/2025,March,TL_03,3
45726,916,Gradbay,"5,6,10,12,13,15",Good Outcome,Good Outcome with Failures,Unaligned,Out with Tolerance ,Failed - Outcome - with 6 Variance ,N/A,10/03/2025,March,TL_13,3
45727,980,Gradbay,"2,4,5,6,10,11,15",Poor Outcome - Advisor,Poor Outcome - Advisor,Aligned,Out with Tolerance ,Failed - with 7 variances ,Aligned,11/03/2025,March,TL_14,3
45727,1003,Over 3 (BAU),"4,6",Good Outcome with Failures,Good Outcome with Failures,Aligned,Within Tolerance,Pass with 2 Variance ,Aligned,11/03/2025,March,TL_16,3
45727,1004,Over 3 (BAU),"2,5,11,15",Good Outcome with Failures,Good Outcome with Failures,Aligned,Out with Tolerance ,Failed - with 4 variances ,Aligned,11/03/2025,March,TL_16,3
45728,1009,Gradbay,"3,6,10,11,15",Good Outcome,Good Outcome with Failures,Unaligned,Out with Tolerance ,Failed - Outcome - with 5 Variance ,N/A,12/03/2025,March,TL_03,3
45728,1010,Gradbay,"2,3,10,15",Poor Outcome - Advisor,Poor Outcome - Advisor,Aligned,Out with Tolerance ,Failed - with 4 variances ,Aligned,12/03/2025,March,TL_03,3
45728,1005,Gradbay,"3,11,15",Good Outcome,Good Outcome with Failures,Unaligned,Out with Tolerance ,Failed - Outcome - with 3 Variance ,N/A,12/03/2025,March,TL_08,3
45729,1050,Gradbay,"10,11,12",Good Outcome with Failures,Good Outcome with Failures,Aligned,Within Tolerance,Pass with 3 Variance ,Aligned,13/03/2025,March,TL_15,3
45730,1051,Gradbay,"2,11,19",Poor Outcome - Advisor,Poor Outcome - Advisor,Aligned,Within Tolerance,Pass with 3 Variance ,Aligned,14/03/2025,March,TL_15,3
45733,1069,Gradbay,"3,4,6,10,14,15",Poor Outcome - Advisor,Poor Outcome - Advisor,Aligned,Out with Tolerance ,Failed - with 6 variances ,Misaligned ,17/03/2025,March,TL_02,3
45733,1062,Gradbay,"4,10,12",Poor Outcome - Advisor,Poor Outcome - Advisor,Aligned,Within Tolerance,Pass with 3 Variance ,Aligned,17/03/2025,March,TL_09,3
45733,1075,Gradbay,"14,15",Poor Outcome - Advisor,Poor Outcome - Advisor,Aligned,Within Tolerance,Pass with 2 Variance ,Aligned,17/03/2025,March,TL_09,3
45734,1071,Gradbay,"4,6,12,14",Good Outcome with Failures,Good Outcome with Failures,Aligned,Out with Tolerance ,Failed - with 4 variances ,Misaligned ,18/03/2025,March,TL_02,3
45734,1088,Nesting,"2,11",Good Outcome with Failures,Good Outcome with Failures,Aligned,Within Tolerance,Pass with 2 Variance ,Aligned,18/03/2025,March,TL_06,3
45734,1089,Nesting,"4,12,16",Good Outcome with Failures,Good Outcome with Failures,Aligned,Within Tolerance,Pass with 3 Variance ,Aligned,18/03/2025,March,TL_06,3
45734,1090,Gradbay,"6,12,14,15",Good Outcome with Failures,Poor Outcome - Advisor,Unaligned,Out with Tolerance ,Failed - Outcome - with 3 Variance ,Misaligned ,18/03/2025,March,TL_13,3
45734,1094,Gradbay,"2,5,10,12,15",Good Outcome with Failures,Good Outcome with Failures,Aligned,Out with Tolerance ,Failed - with 5 variances ,Aligned,18/03/2025,March,TL_13,3
45735,1130,Gradbay,"2,4,6,9,10,11,12,13",Poor Outcome - Advisor,Poor Outcome - Advisor,Aligned,Out with Tolerance ,Failed - with 8 variances ,Aligned,19/03/2025,March,TL_17,3
45735,1134,Gradbay,"4,5,11,12,15",Good Outcome with Failures,Poor Outcome - Advisor,Unaligned,Out with Tolerance ,Failed - Outcome - with 5 Variance ,Misaligned ,19/03/2025,March,TL_17,3
45740,1229,Nesting,"3,4,5,10",Good Outcome with Failures,Poor Outcome - Advisor,Unaligned,Out with Tolerance ,Failed - Outcome - with 4 Variance ,Aligned,24/03/2025,March,TL_01,3
45741,1297,Over 3 (BAU),"4,6,7,15",Poor Outcome - Advisor,Good Outcome with Failures,Unaligned,Out with Tolerance ,Failed - Outcome - with 4 Variance ,Aligned,25/03/2025,March,TL_12,3
45742,1333,Over 3 (BAU),"3,4,15",Good Outcome,Good Outcome with Failures,Unaligned,Out with Tolerance ,Failed - Outcome - with 3 Variance ,N/A,26/03/2025,March,TL_12,3
45743,1177,Gradbay,"4,6,9,11,13,14,15",Poor Outcome - Advisor,Poor Outcome - Advisor,Aligned,Out with Tolerance ,Failed - with 7 variances ,Aligned,27/03/2025,March,TL_18,3
45744,1182,Gradbay,"4,5,11",Good Outcome with Failures,Poor Outcome - Advisor,Unaligned,Out with Tolerance ,Failed - Outcome - with 3 Variance ,Aligned,28/03/2025,March,TL_18,3
45747,1367,Over 3 (BAU),"4,10",Good Outcome with Failures,Good Outcome with Failures,Aligned,Within Tolerance,Pass with 2 Variance ,Aligned,31/03/2025,March,TL_05,3
45747,1401,Nesting,"3,12,15,16",Good Outcome with Failures,Good Outcome with Failures,Aligned,Out with Tolerance ,Failed - with 4 variances ,N/A,31/03/2025,March,TL_08,3
45750,1492,Gradbay,"4,5,10,11,13",Poor Outcome - Advisor,Poor Outcome - Advisor,Aligned,Out with Tolerance ,Failed - with 5 variances ,Misaligned ,03/04/2025,April,TL_09,4
45750,1494,Gradbay,"2,3,5,10,12",Poor Outcome - Advisor,Poor Outcome - Advisor,Aligned,Out with Tolerance ,Failed - with 5 variances ,Misaligned ,03/04/2025,April,TL_13,4
45750,1524,Gradbay,"3,6,11,12,13,15",Good Outcome with Failures,Poor Outcome - Advisor,Unaligned,Out with Tolerance ,Failed - Outcome - with 6 Variance ,N/A,03/04/2025,April,TL_14,4
45751,1526,Over 3 (BAU),"6,13",Good Outcome,Good Outcome with Failures,Unaligned,Out with Tolerance ,Failed - Outcome - with 2 Variance ,N/A,04/04/2025,April,TL_02,4
45754,1531,0-3 months (bau),"3,4,5,10,11,13",Good Outcome with Failures,Poor Outcome - Advisor,Unaligned,Out with Tolerance ,Failed - Outcome - with 6 Variance ,N/A,07/04/2025,April,TL_07,4
45754,1533,Gradbay,"2,4,5,6,12",Good Outcome with Failures,Good Outcome with Failures,Aligned,Out with Tolerance ,Failed - with 5 variances ,N/A,07/04/2025,April,TL_15,4
45754,1540,Gradbay,"3,4,15",Good Outcome with Failures,Good Outcome with Failures,Aligned,Within Tolerance,Pass with 3 Variance ,Aligned,07/04/2025,April,TL_03,4
45755,1565,Gradbay,"2,5,8,9,11,12,15",Poor Outcome - Advisor,Poor Outcome - Advisor,Aligned,Out with Tolerance ,Failed - with 7 variances ,Aligned,08/04/2025,April,TL_16,4
45755,1571,Gradbay,"6,11,15,19",Poor Outcome - Advisor,Unclear Outcome,Unaligned,Out with Tolerance ,Failed - Outcome - with 4 Variance ,N/A,08/04/2025,April,TL_19,4
45755,1543,Gradbay,"3,10,12,15 ",Good Outcome,Good Outcome with Failures,Unaligned,Out with Tolerance ,Failed - Outcome - with 4 Variance ,N/A,08/04/2025,April,TL_03,4
45756,1561,Gradbay,"4,12",Good Outcome with Failures,Good Outcome with Failures,Aligned,Within Tolerance,Pass with 2 Variance ,Aligned,09/04/2025,April,TL_09,4
45756,1577,Gradbay,"3,10,11",Poor Outcome - Advisor,Poor Outcome - Advisor,Aligned,Within Tolerance,Pass with 3 Variance ,Aligned,09/04/2025,April,TL_09,4
45756,1556,Gradbay,6,Good Outcome with Failures,Good Outcome with Failures,Aligned,Within Tolerance,Pass with 1 Variance ,N/A,09/04/2025,April,TL_14,4
45756,1576,Gradbay,"2,3,4,10,11",Poor Outcome - Advisor,Poor Outcome - Advisor,Aligned,Out with Tolerance ,Failed - with 5 variances ,Misaligned ,09/04/2025,April,TL_19,4
45757,1587,Gradbay,"3, 8,12,15 ",Good Outcome with Failures,Good Outcome with Failures,Aligned,Out with Tolerance ,Failed - with 4 variances ,Aligned,10/04/2025,April,TL_13,4
45762,1597,Gradbay,0,Good Outcome with Failures,Good Outcome with Failures,Aligned,Within Tolerance,Pass,Aligned,15/04/2025,April,TL_06,4
45762,1580,LCA,"4,12,13",Good Outcome with Failures,Good Outcome with Failures,Aligned,Within Tolerance,Pass with 3 Variance ,N/A,15/04/2025,April,TL_03,4
45762,1588,Over 3 (BAU),"10,11,12,13,16",Good Outcome with Failures,Good Outcome with Failures,Aligned,Out with Tolerance ,Failed - with 5 variances ,N/A,15/04/2025,April,TL_08,4
45762,1618,Gradbay,"2,3,4,5,11,15",Good Outcome with Failures,Good Outcome with Failures,Aligned,Out with Tolerance ,Failed - with 6 variances ,Aligned,15/04/2025,April,TL_12,4
45764,1697,Gradbay,"2,3,5,12",Good Outcome,Good Outcome with Failures,Unaligned,Out with Tolerance ,Failed - Outcome - with 4 Variance ,N/A,17/04/2025,April,TL_13,4
45764,1649,Over 3 (BAU),"8,12,13,15",Good Outcome with Failures,Good Outcome with Failures,Aligned,Out with Tolerance ,Failed - with 4 variances ,N/A,17/04/2025,April,TL_01,4
45769,1718,Over 3 (BAU),"11,12",Poor Outcome - Advisor,Poor Outcome - Advisor,Aligned,Within Tolerance,Pass with 2 Variance ,Aligned,22/04/2025,April,TL_07,4
45769,1755,Gradbay,"2,4,11",Poor Outcome - Advisor,Poor Outcome - Advisor,Aligned,Within Tolerance,Pass with 3 Variance ,Aligned,22/04/2025,April,TL_01,4
45770,1737,Over 3 (BAU),"3,5,8,9",Good Outcome with Failures,Good Outcome with Failures,Aligned,Out with Tolerance ,Failed - with 4 variances ,Aligned,23/04/2025,April,TL_07,4
45770,1757,Gradbay,"6,12",Good Outcome with Failures,Good Outcome with Failures,Aligned,Within Tolerance,Pass with 2 Variance ,N/A,23/04/2025,April,TL_13,4
45770,1741,Over 3 (BAU),"2,3,6,8,9,12,17",Poor Outcome - Advisor,Poor Outcome - Advisor,Aligned,Out with Tolerance ,Failed - Outcome - with 7 Variance ,Misaligned ,23/04/2025,April,TL_12,4
45771,1762,Gradbay,"12,15,17",Good Outcome with Failures,Good Outcome with Failures,Aligned,Within Tolerance,Pass with 3 Variance ,N/A,24/04/2025,April,TL_09,4
45799,2199,Over 3 (BAU),8,Good Outcome,Good Outcome with Failures,Unaligned,Out with Tolerance ,Failed - Outcome - with 1 Variance ,Aligned,22/05/2025,May,TL_06,5
45799,2358,Over 3 (BAU),0,Good Outcome with Failures,Good Outcome with Failures,Aligned,Within Tolerance,Pass,Aligned,22/05/2025,May,TL_02,5
45799,2129,Over 3 (BAU),"5,14",Good Outcome,Good Outcome with Failures,Unaligned,Out with Tolerance ,Pass with 2 Variance ,N/A,22/05/2025,May,TL_07,5
45799,2320,Over 3 (BAU),3,Good Outcome,Good Outcome with Failures,Unaligned,Out with Tolerance ,Failed - Outcome - with 1 Variance ,N/A,22/05/2025,May,TL_07,5
45799,2253,Gradbay,0,Poor Outcome - Advisor,Poor Outcome - Advisor,Aligned,Within Tolerance,Pass,Aligned,22/05/2025,May,TL_18,5
45799,2248,Over 3 (BAU),"3,4,12,14",Good Outcome with Failures,Good Outcome with Failures,Aligned,Out with Tolerance ,Failed - with 4 variances ,Aligned,22/05/2025,May,TL_15,5
45799,2392,LCA,3,Poor Outcome - Advisor,Poor Outcome - Advisor,Aligned,Within Tolerance,Pass with 1 Variance ,Aligned,22/05/2025,May,TL_03,5
45799,2139,Over 3 (BAU),8,Poor Outcome - Advisor,Poor Outcome - Advisor,Aligned,Within Tolerance,Pass with 1 Variance ,Aligned,22/05/2025,May,TL_20,5
45799,2367,Gradbay,4,Good Outcome with Failures,Poor Outcome - Advisor,Unaligned,Out with Tolerance ,Failed - Outcome - with 1 Variance ,Aligned,22/05/2025,May,TL_14,5
45799,2113,I&E Accreditation,"1,6,8,9",Poor Outcome - Advisor,Poor Outcome - Advisor,Aligned,Out with Tolerance ,Failed - with 4 variances ,Aligned,22/05/2025,May,TL_08,5
45799,2026,Gradbay,"11,13",Good Outcome with Failures,Good Outcome with Failures,Aligned,Within Tolerance,Pass with 2 Variance ,Aligned,22/05/2025,May,TL_14,5
45799,2287,Over 3 (BAU),"4,18 ",Good Outcome with Failures,Good Outcome with Failures,Aligned,Within Tolerance,Pass with 2 Variance ,Aligned,22/05/2025,May,TL_05,5
45799,2155,Gradbay,"3,4,13,14",Poor Outcome - Advisor,Poor Outcome - Advisor,Aligned,Out with Tolerance ,Failed - with 4 variances ,Aligned,22/05/2025,May,TL_02,5
45799,2221,Gradbay,3,Good Outcome with Failures,Good Outcome with Failures,Aligned,Within Tolerance,Pass with 1 Variance ,Aligned,22/05/2025,May,TL_17,5
45799,2231,Gradbay,"3,4,8,11,13",Good Outcome with Failures,Good Outcome with Failures,Aligned,Out with Tolerance ,Failed - with 5 variances ,Aligned,22/05/2025,May,TL_01,5
45799,2116,Gradbay,"5,14",Good Outcome with Failures,Good Outcome with Failures,Aligned,Within Tolerance,Pass with 2 Variance ,Aligned,22/05/2025,May,TL_09,5
45799,2153,Gradbay,"11,12",Poor Outcome - Advisor,Poor Outcome - Advisor,Aligned,Within Tolerance,Pass with 2 Variance ,Aligned,22/05/2025,May,TL_18,5
45799,2028,Over 3 (BAU),"5,12",Good Outcome with Failures,Good Outcome with Failures,Aligned,Within Tolerance,Pass with 2 Variance ,Aligned,22/05/2025,May,TL_15,5
45799,2228,Gradbay,"3,6,11",Poor Outcome - Advisor,Poor Outcome - Advisor,Aligned,Within Tolerance,Pass with 3 Variance ,Aligned,22/05/2025,May,TL_03,5
45799,2027,Gradbay,"4,5,6,13,18",Good Outcome with Failures,Good Outcome with Failures,Aligned,Out with Tolerance ,Failed - with 5 variances ,Aligned,22/05/2025,May,TL_13,5
45799,2274,Gradbay,"14,18",Good Outcome with Failures,Good Outcome with Failures,Aligned,Within Tolerance,Pass with 2 Variance ,Aligned,22/05/2025,May,TL_13,5
45799,2100,Over 3 (BAU),"3,18 ",Good Outcome with Failures,Good Outcome with Failures,Aligned,Within Tolerance,Pass with 2 Variance ,Aligned,22/05/2025,May,TL_12,5
45799,2212,Over 3 (BAU),"12,13,14,19",Good Outcome with Failures,Poor Outcome - Advisor,Unaligned,Out with Tolerance ,Failed - Outcome - with 4 Variance ,Aligned,22/05/2025,May,TL_12,5
45799,2226,Gradbay,"3,7,14,18",Good Outcome with Failures,Good Outcome with Failures,Aligned,Out with Tolerance ,Failed - with 4 variances ,Aligned,22/05/2025,May,TL_16,5
45799,2297,Gradbay,"4,12,18",Good Outcome with Failures,Good Outcome with Failures,Aligned,Within Tolerance,Pass with 3 Variance ,Aligned,22/05/2025,May,TL_17,5
45805,2341,I&E Accreditation,"2,3,14,18",Good Outcome,Good Outcome with Failures,Unaligned,Out with Tolerance ,Failed - Outcome - with 4 Variance ,Aligned,28/05/2025,May,TL_08,5
45805,2500,I&E Accreditation,"9,11,14,15,16,18",Good Outcome with Failures,Good Outcome with Failures,Aligned,Out with Tolerance ,Failed - with 6 variances ,Aligned,28/05/2025,May,TL_08,5
45805,2593,I&E Accreditation,"4, 14, ",Good Outcome with Failures,Good Outcome with Failures,Aligned,Within Tolerance,Pass with 2 Variance ,Aligned,28/05/2025,May,TL_08,5
45806,2644,I&E Accreditation,"12,14 ",Good Outcome with Failures,Good Outcome with Failures,Aligned,Within Tolerance,Pass with 2 Variance ,Aligned,29/05/2025,May,TL_08,5
45807,2640,I&E Accreditation,"2,6,7,13,14,18 ",Poor Outcome - Advisor,Poor Outcome - Advisor,Aligned,Out with Tolerance ,Failed - with 6 variances ,Aligned,30/05/2025,May,TL_08,5
45807,2610,Over 3 (BAU),"3,6,18",Good Outcome,Good Outcome with Failures,Unaligned,Out with Tolerance ,Failed - Outcome - with 3 Variance ,Aligned,30/05/2025,May,TL_21,5
45807,2626,Over 3 (BAU),"2,6,12",Good Outcome with Failures,Good Outcome with Failures,Aligned,Within Tolerance,Pass with 3 Variance ,Aligned,30/05/2025,May,TL_21,5
45807,2647,0-3 months (bau),0,Good Outcome,Good Outcome,Aligned,Within Tolerance,Pass,Aligned,30/05/2025,May,TL_06,5
45807,2588,Gradbay,"3,12",Poor Outcome - Advisor,Poor Outcome - Advisor,Aligned,Within Tolerance,Pass with 2 Variance ,Aligned,30/05/2025,May,TL_17,5
45807,2534,Gradbay,"12,22",Good Outcome with Failures,Good Outcome with Failures,Aligned,Within Tolerance,Pass with 2 Variance ,Aligned,30/05/2025,May,TL_09,5
45807,2547,Gradbay,3,Good Outcome with Failures,Good Outcome with Failures,Aligned,Within Tolerance,Pass with 1 Variance ,Aligned,30/05/2025,May,TL_01,5
45813,2740,Over 3 (BAU),"6,13,14",Good Outcome with Failures,Good Outcome with Failures,Aligned,Within Tolerance,Pass with 3 Variance ,N/A,05/06/2025,June,TL_12,6
45813,2794,LCA,"7,10,11,14,19",Good Outcome with Failures,Good Outcome with Failures,Aligned,Out with Tolerance ,Failed - with 5 variances ,Aligned,05/06/2025,June,TL_22,6
45813,2791,Over 3 (BAU),4,Good Outcome with Failures,Good Outcome with Failures,Aligned,Within Tolerance,Pass with 1 Variance ,Aligned,05/06/2025,June,TL_06,6
45813,2806,Gradbay,"6, 11,12",Good Outcome with Failures,Good Outcome with Failures,Aligned,Within Tolerance,Pass with 3 Variance ,Aligned,05/06/2025,June,TL_13,6
45813,2814,Gradbay,"13,17,18",Poor Outcome - Advisor,Poor Outcome - Advisor,Aligned,Within Tolerance,Pass with 3 Variance ,Misaligned ,05/06/2025,June,TL_14,6
45813,2792,LCA,"7,8,9,10,11,13,16,19",Good Outcome with Failures,Poor Outcome - Advisor,Unaligned,Out with Tolerance ,Failed - Outcome - with 8 Variance ,Aligned,05/06/2025,June,TL_23,6
45814,2809,LCA,"10,11",Good Outcome with Failures,Good Outcome with Failures,Aligned,Within Tolerance,Pass with 2 Variance ,Aligned,06/06/2025,June,TL_24,6
45814,2830,Gradbay,"2,11,18",Poor Outcome - Advisor,Poor Outcome - Advisor,Aligned,Within Tolerance,Pass with 3 Variance ,Aligned,06/06/2025,June,TL_03,6
45814,2837,0-3 months (bau),"4,12,18",Good Outcome,Good Outcome with Failures,Unaligned,Out with Tolerance ,Failed - Outcome - with 3 Variance ,Aligned,06/06/2025,June,TL_21,6
45817,2909,I&E Accreditation,"3,4,7",Good Outcome with Failures,Good Outcome with Failures,Aligned,Within Tolerance,Pass with 3 Variance ,N/A,09/06/2025,June,TL_01,6
45817,2833,I&E Accreditation,"5,11,13,14",Good Outcome with Failures,Good Outcome with Failures,Aligned,Out with Tolerance ,Failed - Outcome - with 4 Variance ,N/A,09/06/2025,June,TL_08,6
45817,2874,Over 3 (BAU),"4,14,20",Good Outcome,Good Outcome,Aligned,Within Tolerance,Pass with 3 Variance ,N/A,09/06/2025,June,TL_15,6
45817,2915,I&E Accreditation,"7,18 ",Good Outcome with Failures,Good Outcome with Failures,Aligned,Within Tolerance,Pass with 2 Variance ,Aligned,09/06/2025,June,TL_02,6
45817,2940,I&E Accreditation,"3,5,13",Poor Outcome - Advisor,Poor Outcome - Advisor,Aligned,Within Tolerance,Pass with 3 Variance ,Aligned,09/06/2025,June,TL_18,6
45818,2957,Gradbay,"12,14",Good Outcome with Failures,Good Outcome with Failures,Aligned,Within Tolerance,Pass with 2 Variance ,N/A,10/06/2025,June,TL_17,6
45818,2931,Gradbay,"6,14",Good Outcome with Failures,Poor Outcome - Advisor,Unaligned,Out with Tolerance ,Failed - Outcome - with 2 Variance ,N/A,10/06/2025,June,TL_09,6
45819,2979,I&E Accreditation,"8,13",Good Outcome with Failures,Good Outcome with Failures,Aligned,Within Tolerance,Pass with 2 Variance ,Aligned,11/06/2025,June,TL_12,6
45819,3033,Gradbay,"2,4,12,18",Poor Outcome - Advisor,Poor Outcome - Advisor,Aligned,Out with Tolerance ,Failed - with 4 variances ,Misaligned ,11/06/2025,June,TL_22,6
45819,2948,Gradbay,"3,11,14,18",Good Outcome with Failures,Poor Outcome - Advisor,Unaligned,Out with Tolerance ,Failed - Outcome - with 4 Variance ,N/A,11/06/2025,June,TL_06,6
45819,3011,Gradbay,"4,5",Poor Outcome - Advisor,Poor Outcome - Advisor,Aligned,Within Tolerance,Pass with 2 Variance ,Aligned,11/06/2025,June,TL_13,6
45824,3107,Gradbay,"2,3,12",Poor Outcome - Advisor,Poor Outcome - Advisor,Aligned,Within Tolerance,Pass with 3 Variance ,Aligned,16/06/2025,June,TL_14,6
45824,3029,Gradbay,"3,5,14",Good Outcome with Failures,Good Outcome with Failures,Aligned,Within Tolerance,Pass with 3 Variance ,Aligned,16/06/2025,June,TL_23,6
45824,3169,Gradbay,"2,4,5,12",Good Outcome with Failures,Poor Outcome - Advisor,Unaligned,Out with Tolerance ,Failed - Outcome - with 4 Variance ,Aligned,16/06/2025,June,TL_24,6
45824,2967,Gradbay,"3,4",Good Outcome with Failures,Good Outcome with Failures,Aligned,Within Tolerance,Pass with 2 Variance ,Aligned,16/06/2025,June,TL_03,6
45824,2952,I&E Accreditation,"5,7,18",Good Outcome with Failures,Good Outcome with Failures,Aligned,Within Tolerance,Pass with 3 Variance ,N/A,16/06/2025,June,TL_01,6
45824,2954,I&E Accreditation,"3,4",Good Outcome with Failures,Good Outcome with Failures,Aligned,Within Tolerance,Pass with 2 Variance ,Aligned,16/06/2025,June,TL_12,6
45824,2872,I&E Accreditation,"12,18",Good Outcome with Failures,Good Outcome with Failures,Aligned,Within Tolerance,Pass with 2 Variance ,Aligned,16/06/2025,June,TL_02,6
45824,2932,I&E Accreditation,"5,14",Good Outcome with Failures,Good Outcome with Failures,Aligned,Within Tolerance,Pass with 2 Variance ,Aligned,16/06/2025,June,TL_18,6
45827,3196,Over 3 (BAU),"3,4,12",Good Outcome with Failures,Good Outcome with Failures,Aligned,Within Tolerance,Pass with 3 Variance ,Misaligned ,19/06/2025,June,TL_21,6
45827,3238,I&E Accreditation,"2,6,13,19",Good Outcome with Failures,Poor Outcome - Advisor,Unaligned,Out with Tolerance ,Failed - Outcome - with 4 Variance ,N/A,19/06/2025,June,TL_08,6
45827,3255,Over 3 (BAU),"13,18",Good Outcome,Good Outcome,Aligned,Within Tolerance,Pass with 2 Variance ,Aligned,19/06/2025,June,TL_15,6
45827,3211,Over 3 (BAU),"4,20",Good Outcome with Failures,Poor Outcome - Advisor,Unaligned,Within Tolerance,Pass with 2 Variance ,Aligned,19/06/2025,June,TL_17,6
45828,3251,Gradbay,"5,14",Good Outcome with Failures,Good Outcome with Failures,Aligned,Within Tolerance,Pass with 2 Variance ,N/A,20/06/2025,June,TL_09,6
45828,3276,Over 3 (BAU),"5,12,19",Good Outcome with Failures,Good Outcome with Failures,Aligned,Within Tolerance,Pass with 3 Variance ,N/A,20/06/2025,June,TL_20,6
45828,3227,Gradbay,"2,12,13",Good Outcome with Failures,Good Outcome with Failures,Aligned,Within Tolerance,Pass with 3 Variance ,Misaligned ,20/06/2025,June,TL_22,6
45828,3207,Over 3 (BAU),"7,13",Good Outcome with Failures,Good Outcome with Failures,Aligned,Within Tolerance,Pass with 2 Variance ,Aligned,20/06/2025,June,TL_06,6
45831,3267,Gradbay,4,Good Outcome with Failures,Good Outcome,Unaligned,Out with Tolerance ,Failed - Outcome - with 1 Variance ,N/A,23/06/2025,June,TL_13,6
45831,3264,Gradbay,"2,18,19",Good Outcome with Failures,Poor Outcome - Advisor,Unaligned,Out with Tolerance ,Failed - Outcome - with 3 Variance ,N/A,23/06/2025,June,TL_14,6
45832,3326,Gradbay,"6,14",Good Outcome with Failures,Poor Outcome - Advisor,Unaligned,Out with Tolerance ,Failed - Outcome - with 2 Variance ,Aligned,24/06/2025,June,TL_03,6
45832,3329,Gradbay,"5,13 ",Good Outcome with Failures,Good Outcome with Failures,Aligned,Within Tolerance,Pass with 2 Variance ,Aligned,24/06/2025,June,TL_24,6
45832,3328,Gradbay,"4,5,16",Good Outcome with Failures,Good Outcome with Failures,Aligned,Within Tolerance,Pass with 3 Variance ,N/A,24/06/2025,June,TL_23,6
45833,3284,I&E Accreditation,"6,12",Good Outcome with Failures,Good Outcome with Failures,Aligned,Within Tolerance,Pass with 2 Variance ,Aligned,25/06/2025,June,TL_17,6
45833,3273,I&E Accreditation,"6,14",Good Outcome with Failures,Poor Outcome - Advisor,Unaligned,Out with Tolerance ,Failed - Outcome - with 2 Variance ,Aligned,25/06/2025,June,TL_17,6
45834,3304,I&E Accreditation,"4,7,11,18",Good Outcome,Good Outcome with Failures,Unaligned,Out with Tolerance ,Failed - Outcome - with 4 Variance ,Aligned,26/06/2025,June,TL_08,6
45835,3390,Over 3 (BAU),18,Good Outcome with Failures,Good Outcome with Failures,Aligned,Out with Tolerance ,Pass with 1 Variance ,Aligned,27/06/2025,June,TL_05,6
45841,3537,Gradbay,"2,4,6,14",Poor Outcome - Advisor,Poor Outcome - Advisor,Aligned,Out with Tolerance ,Failed - with 4 variances ,Misaligned ,03/07/2025,July,TL_09,7
45842,3551,Gradbay,"4,5,13,14,18",Good Outcome with Failures,Good Outcome with Failures,Aligned,Out with Tolerance ,Failed - with 5 variances ,N/A,04/07/2025,July,TL_02,7
45842,3547,Gradbay,"12,14",Good Outcome,Good Outcome,Aligned,Within Tolerance,Pass with 2 Variance ,N/A,04/07/2025,July,TL_22,7
45845,3569,Over 3 (BAU),"8,14,18",Good Outcome with Failures,Good Outcome with Failures,Aligned,Within Tolerance,Pass with 3 Variance ,Aligned,07/07/2025,July,TL_01,7
45845,3570,Gradbay,"14,18",Good Outcome with Failures,Good Outcome with Failures,Aligned,Within Tolerance,Pass with 2 Variance ,Aligned,07/07/2025,July,TL_03,7
45846,3567,Over 3 (BAU),"6,14,16,19",Good Outcome with Failures,Good Outcome with Failures,Aligned,Out with Tolerance ,Failed - with 4 variances ,N/A,08/07/2025,July,TL_06,7
45846,3580,Gradbay,"4,7,14,17,18.22",Good Outcome,Good Outcome with Failures,Unaligned,Out with Tolerance ,Failed - Outcome - with 6 Variance ,N/A,08/07/2025,July,TL_14,7
45846,3587,Gradbay,"2,12,18",Poor Outcome - Advisor,Poor Outcome - Advisor,Aligned,Within Tolerance,Pass with 3 Variance ,Aligned,08/07/2025,July,TL_17,7
45846,3571,Gradbay,"4,5,10,11,14,16,18",Good Outcome with Failures,Poor Outcome - Advisor,Unaligned,Out with Tolerance ,Failed - Outcome - with 7 Variance ,Misaligned ,08/07/2025,July,TL_24,7
45847,3609,Gradbay,"3,5,13,14",Good Outcome with Failures,Good Outcome with Failures,Aligned,Out with Tolerance ,Failed - with 4 variances ,N/A,09/07/2025,July,TL_18,7
45847,3582,Gradbay,"3,12,13,16",Poor Outcome - Advisor,Poor Outcome - Advisor,Aligned,Out with Tolerance ,Failed - with 4 variances ,Aligned,09/07/2025,July,TL_13,7
45849,3667,Gradbay,"3,18",Good Outcome with Failures,Good Outcome with Failures,Aligned,Within Tolerance,Pass with 2 Variance ,N/A,11/07/2025,July,TL_25,7
45849,3646,Over 3 (BAU),"3,12,13,14,18,19",Good Outcome with Failures,Good Outcome with Failures,Aligned,Out with Tolerance ,Failed - with 6 variances ,N/A,11/07/2025,July,TL_20,7
45852,3603,Over 3 (BAU),"6,14,17 ",Good Outcome,Good Outcome with Failures,Unaligned,Out with Tolerance ,Failed - Outcome - with 3 Variance ,N/A,14/07/2025,July,TL_21,7
45852,3737,Over 3 (BAU),"4,17",Good Outcome,Good Outcome,Aligned,Within Tolerance,Pass with 2 Variance ,N/A,14/07/2025,July,TL_12,7
45854,3735,Gradbay,"7,14,18",Good Outcome with Failures,Good Outcome with Failures,Aligned,Within Tolerance,Pass with 3 Variance ,Aligned,16/07/2025,July,TL_23,7
45854,3624,Gradbay,"4,13,14,16,18",Good Outcome with Failures,Good Outcome with Failures,Aligned,Out with Tolerance ,Failed - with 5 variances ,N/A,16/07/2025,July,TL_09,7
45855,3766,Gradbay,"3,5,6",Good Outcome with Failures,Good Outcome with Failures,Aligned,Within Tolerance,Pass with 3 Variance ,N/A,17/07/2025,July,TL_02,7
45855,3648,Gradbay,"4,18,19",Good Outcome with Failures,Good Outcome with Failures,Aligned,Within Tolerance,Pass with 3 Variance ,N/A,17/07/2025,July,TL_22,7
45856,3747,Gradbay,"11,13,14,19",Good Outcome with Failures,Good Outcome with Failures,Aligned,Out with Tolerance ,Failed - with 4 variances ,N/A,18/07/2025,July,TL_03,7
45859,3803,Nesting,"2,13,14",Good Outcome with Failures,Good Outcome with Failures,Aligned,Within Tolerance,Pass with 3 Variance ,N/A,21/07/2025,July,TL_01,7
45859,3785,0-3 months (bau),"4,12,13,14",Good Outcome with Failures,Poor Outcome - Advisor,Unaligned,Out with Tolerance ,Failed - Outcome - with 4 Variance ,N/A,21/07/2025,July,TL_06,7
45859,3672,Gradbay,"5,12,13,14,19",Poor Outcome - Advisor,Good Outcome with Failures,Unaligned,Out with Tolerance ,Failed - Outcome - with 5 Variance ,Aligned,21/07/2025,July,TL_14,7
45860,3839,Gradbay,"2,5,18",Good Outcome with Failures,Good Outcome with Failures,Aligned,Within Tolerance,Pass with 3 Variance ,N/A,22/07/2025,July,TL_17,7
45861,3856,Gradbay,"13,19",Good Outcome with Failures,Good Outcome with Failures,Aligned,Within Tolerance,Pass with 2 Variance ,Aligned,23/07/2025,July,TL_24,7
45861,3818,Gradbay,"3,4",Poor Outcome - Advisor,Good Outcome with Failures,Unaligned,Out with Tolerance ,Failed - Outcome - with 2 Variance ,N/A,23/07/2025,July,TL_18,7
45861,3674,Gradbay,"12, 19 ",Good Outcome with Failures,Good Outcome with Failures,Aligned,Within Tolerance,Pass with 2 Variance ,Misaligned ,23/07/2025,July,TL_13,7
45861,3864,Gradbay,14,Good Outcome with Failures,Good Outcome with Failures,Aligned,Within Tolerance,Pass with 1 Variance ,Aligned,23/07/2025,July,TL_25,7
45861,3870,I&E Accreditation,"2,6,14,18",Good Outcome with Failures,Good Outcome with Failures,Aligned,Out with Tolerance ,Failed - with 4 variances ,N/A,23/07/2025,July,TL_08,7
45861,3893,Over 3 (BAU),"2,3,12,14,18",Good Outcome with Failures,Good Outcome with Failures,Aligned,Out with Tolerance ,Failed - with 5 variances ,N/A,23/07/2025,July,TL_12,7
45862,3878,0-3 months (bau),"2,12",Good Outcome with Failures,Good Outcome with Failures,Aligned,Within Tolerance,Pass with 2 Variance ,N/A,24/07/2025,July,TL_21,7
45863,3945,Gradbay,"5,11,12,16,18 ",Poor Outcome - Advisor,Poor Outcome - Advisor,Aligned,Out with Tolerance ,Failed - with 5 variances ,Aligned,25/07/2025,July,TL_26,7
45863,3841,Gradbay,"3,13,14",Good Outcome with Failures,Good Outcome with Failures,Aligned,Within Tolerance,Pass with 3 Variance ,Aligned,25/07/2025,July,TL_23,7
45866,3952,Over 3 (BAU),"13,18,22",Good Outcome with Failures,Good Outcome with Failures,Aligned,Within Tolerance,Pass with 3 Variance ,N/A,28/07/2025,July,TL_08,7
45867,4020,Over 3 (BAU),"2,3,12,13,14,16,18,19",Good Outcome with Failures,Poor Outcome - Advisor,Unaligned,Out with Tolerance ,Failed - Outcome - with 8 Variance ,N/A,29/07/2025,July,TL_20,7
45867,4006,Over 3 (BAU),"3,13",Good Outcome with Failures,Good Outcome with Failures,Aligned,Within Tolerance,Pass with 2 Variance ,Aligned,29/07/2025,July,TL_05,7
45868,3956,Gradbay,"4,14, 16, 18",Good Outcome with Failures,Good Outcome with Failures,Aligned,Out with Tolerance ,Failed - with 4 variances ,Aligned,30/07/2025,July,TL_26,7
45869,4088,Over 3 (BAU),"7,13",Good Outcome with Failures,Good Outcome with Failures,Aligned,Within Tolerance,Pass with 2 Variance ,Aligned,31/07/2025,July,TL_05,7
45875,4192,Gradbay,"3,14,18 ",Good Outcome with Failures,Good Outcome with Failures,Aligned,Within Tolerance,Pass with 3 Variance ,Aligned,06/08/2025,August,TL_25,8
45875,4210,Gradbay,"5,14",Good Outcome with Failures,Good Outcome with Failures,Aligned,Within Tolerance,Pass with 2 Variance ,Aligned,06/08/2025,August,TL_23,8
45876,4214,Gradbay,"3,5,12,13",Good Outcome with Failures,Good Outcome with Failures,Aligned,Out with Tolerance ,Failed - with 4 variances ,N/A,07/08/2025,August,TL_18,8
45876,4216,Gradbay,"4,12",Good Outcome with Failures,Poor Outcome - Advisor,Unaligned,Out with Tolerance ,Failed - Outcome - with 2 Variance ,Aligned,07/08/2025,August,TL_22,8
45876,4229,Gradbay,"12,14,16",Good Outcome with Failures,Good Outcome with Failures,Aligned,Within Tolerance,Pass with 3 Variance ,Aligned,07/08/2025,August,TL_17,8
45876,4241,Gradbay,"2,3,4,5,12,14,16",Good Outcome with Failures,Poor Outcome - Advisor,Unaligned,Out with Tolerance ,Failed - Outcome - with 7 Variance ,N/A,07/08/2025,August,TL_03,8
45876,4226,Nesting,"3,4,12,13,16,17,18",Good Outcome with Failures,Poor Outcome - Advisor,Unaligned,Out with Tolerance ,Failed - Outcome - with 7 Variance ,Aligned,07/08/2025,August,TL_13,8
45881,4262,Gradbay,"4,5,12,13,18",Poor Outcome - Advisor,Poor Outcome - Advisor,Aligned,Out with Tolerance ,Failed - with 5 variances ,Aligned,12/08/2025,August,TL_02,8
45881,4301,0-3 months (bau),"4,6,12,14,16,18",Good Outcome with Failures,Good Outcome with Failures,Aligned,Out with Tolerance ,Failed - with 6 variances ,N/A,12/08/2025,August,TL_27,8
45881,4281,Over 3 (BAU),"3,7,12,13,16,18",Poor Outcome - Advisor,Good Outcome with Failures,Unaligned,Out with Tolerance ,Failed - Outcome - with 6 Variance ,Aligned,12/08/2025,August,TL_12,8
45883,4284,Over 3 (BAU),"3,12,18",Good Outcome with Failures,Good Outcome with Failures,Aligned,Within Tolerance,Pass with 3 Variance ,Misaligned ,14/08/2025,August,TL_08,8
45883,4298,Gradbay,18,Good Outcome with Failures,Good Outcome with Failures,Aligned,Within Tolerance,Pass with 1 Variance ,Aligned,14/08/2025,August,TL_24,8
45883,4319,Over 3 (BAU),"14,16 ",Good Outcome with Failures,Good Outcome with Failures,Aligned,Within Tolerance,Pass with 2 Variance ,Aligned,14/08/2025,August,TL_01,8
45883,4328,Over 3 (BAU),"2,8,10,11,12",Good Outcome with Failures,Poor Outcome - Advisor,Unaligned,Out with Tolerance ,Failed - Outcome - with 5 Variance ,Aligned,14/08/2025,August,TL_21,8
45887,4436,Over 3 (BAU),"3,4,5",Good Outcome with Failures,Good Outcome with Failures,Aligned,Within Tolerance,Pass with 3 Variance ,Misaligned ,18/08/2025,August,TL_20,8
45887,4419,I&E Accreditation,"2,19",Good Outcome,Good Outcome with Failures,Unaligned,Out with Tolerance ,Failed - Outcome - with 2 Variance ,N/A,18/08/2025,August,TL_26,8
45889,4470,Over 3 (BAU),"4,18",Poor Outcome - Advisor,Poor Outcome - Advisor,Aligned,Within Tolerance,Pass with 2 Variance ,Aligned,20/08/2025,August,TL_09,8
45890,4377,Over 3 (BAU),"13,18 ",Poor Outcome - Advisor,Poor Outcome - Advisor,Aligned,Within Tolerance,Pass with 2 Variance ,Aligned,21/08/2025,August,TL_25,8
45891,4446,Gradbay,"2.5,12,13,16",Good Outcome with Failures,Good Outcome with Failures,Aligned,Out with Tolerance ,Failed - with 5 variances ,Aligned,22/08/2025,August,TL_23,8
45891,4477,Gradbay,"2,6",Good Outcome with Failures,Good Outcome with Failures,Aligned,Within Tolerance,Pass with 2 Variance ,Aligned,22/08/2025,August,TL_18,8
45891,4479,Gradbay,"3,4,14",Good Outcome with Failures,Good Outcome with Failures,Aligned,Within Tolerance,Pass with 3 Variance ,Aligned,22/08/2025,August,TL_17,8
45891,4310,Gradbay,"5,18",Good Outcome with Failures,Good Outcome with Failures,Aligned,Within Tolerance,Pass with 2 Variance ,N/A,22/08/2025,August,TL_03,8
45891,4397,Gradbay,"4,5,12,17",Good Outcome with Failures,Good Outcome with Failures,Aligned,Out with Tolerance ,Failed - with 4 variances ,Misaligned ,22/08/2025,August,TL_02,8
45895,4550,Over 3 (BAU),"5,7,14,18 ",Good Outcome with Failures,Poor Outcome - Advisor,Unaligned,Out with Tolerance ,Failed - Outcome - with 4 Variance ,Misaligned ,26/08/2025,August,TL_27,8
45895,4554,Over 3 (BAU),"4, 14, 18 ",Good Outcome with Failures,Good Outcome with Failures,Aligned,Within Tolerance,Pass with 3 Variance ,Aligned,26/08/2025,August,TL_12,8
45896,4572,Over 3 (BAU),"10,22",Good Outcome,Good Outcome,Aligned,Within Tolerance,Pass with 2 Variance ,N/A,27/08/2025,August,TL_08,8
45896,4579,Gradbay,"3,13,14",Good Outcome with Failures,Good Outcome with Failures,Aligned,Within Tolerance,Pass with 3 Variance ,Misaligned ,27/08/2025,August,TL_24,8
45896,4435,Nesting,"13,14,16",Good Outcome with Failures,Good Outcome with Failures,Aligned,Within Tolerance,Pass with 3 Variance ,N/A,27/08/2025,August,TL_01,8
45897,4588,0-3 months (bau),"4,12,14 ",Good Outcome with Failures,Good Outcome with Failures,Aligned,Within Tolerance,Pass with 3 Variance ,N/A,28/08/2025,August,TL_21,8
45897,4573,Over 3 (BAU),"4,5,14",Good Outcome with Failures,Good Outcome with Failures,Aligned,Within Tolerance,Pass with 3 Variance ,Misaligned ,28/08/2025,August,TL_20,8
45897,4606,0-3 months (bau),"16, 19",Good Outcome with Failures,Good Outcome with Failures,Aligned,Within Tolerance,Pass with 2 Variance ,Aligned,28/08/2025,August,TL_26,8
45897,4545,Over 3 (BAU),"13,18,22",Good Outcome with Failures,Good Outcome with Failures,Aligned,Within Tolerance,Pass with 3 Variance ,N/A,28/08/2025,August,TL_09,8
45898,4619,0-3 months (bau),14,Good Outcome with Failures,Good Outcome with Failures,Aligned,Within Tolerance,Pass with 1 Variance ,Misaligned ,29/08/2025,August,TL_05,8
45908,4753,Over 3 (BAU),"5,6,14,19",Good Outcome,Good Outcome with Failures,Unaligned,Out with Tolerance ,Failed - Outcome - with 4 Variance ,N/A,08/09/2025,September,TL_25,9
45908,4763,Gradbay,"12,13",Good Outcome with Failures,Poor Outcome - Advisor,Unaligned,Out with Tolerance ,Failed - Outcome - with 2 Variance ,N/A,08/09/2025,September,TL_23,9
45909,4761,Gradbay,"3,5,6",Poor Outcome - Advisor,Good Outcome with Failures,Unaligned,Out with Tolerance ,Failed - Outcome - with 3 Variance ,N/A,09/09/2025,September,TL_17,9
45909,4718,Gradbay,"5,6,14,18",Good Outcome with Failures,Good Outcome with Failures,Aligned,Out with Tolerance ,Failed - Outcome - with 4 Variance ,N/A,09/09/2025,September,TL_02,9
45911,4816,Over 3 (BAU),4,Good Outcome with Failures,Good Outcome with Failures,Aligned,Within Tolerance,Pass with 1 Variance ,Aligned,11/09/2025,September,TL_27,9
45912,4776,Over 3 (BAU),"7,11,14",Poor Outcome - Advisor,Poor Outcome - Advisor,Aligned,Within Tolerance,Pass with 3 Variance ,Aligned,12/09/2025,September,TL_12,9
45912,4873,Over 3 (BAU),"6,14,19",Good Outcome with Failures,Poor Outcome - Advisor,Unaligned,Out with Tolerance ,Failed - Outcome - with 3 Variance ,Aligned,12/09/2025,September,TL_08,9
45915,4864,Gradbay,"2,13",Good Outcome with Failures,Good Outcome with Failures,Aligned,Within Tolerance,Pass with 2 Variance ,Aligned,15/09/2025,September,TL_24,9
45915,4990,Nesting,"2,13,18",Good Outcome with Failures,Good Outcome with Failures,Aligned,Within Tolerance,Pass with 3 Variance ,Misaligned ,15/09/2025,September,TL_01,9
45917,4968,0-3 months (bau),"4,18",Good Outcome with Failures,Good Outcome with Failures,Aligned,Within Tolerance,Pass with 2 Variance ,Aligned,17/09/2025,September,TL_21,9
45918,5028,Over 3 (BAU),"5,13,14",Good Outcome with Failures,Good Outcome with Failures,Aligned,Within Tolerance,Pass with 3 Variance ,N/A,18/09/2025,September,TL_20,9
45922,4972,I&E Accreditation,"3,5,6,7,10,11,14,16",Good Outcome with Failures,Poor Outcome - Advisor,Unaligned,Out with Tolerance ,Failed - Outcome - with 8 Variance ,Misaligned ,22/09/2025,September,TL_26,9
45922,4944,Gradbay,"2,5",Good Outcome with Failures,Good Outcome with Failures,Aligned,Within Tolerance,Pass with 2 Variance ,N/A,22/09/2025,September,TL_09,9
45923,5010,Gradbay,18,Good Outcome with Failures,Good Outcome with Failures,Aligned,Within Tolerance,Pass with 1 Variance ,Misaligned ,23/09/2025,September,TL_18,9
45924,4917,Gradbay,4,Good Outcome with Failures,Good Outcome with Failures,Aligned,Within Tolerance,Pass with 1 Variance ,N/A,24/09/2025,September,TL_03,9
45924,4950,Gradbay,"4,18,19",Good Outcome with Failures,Good Outcome with Failures,Aligned,Within Tolerance,Pass with 3 Variance ,Aligned,24/09/2025,September,TL_13,9
45929,4943,0-3 months (bau),"4,5,8",Good Outcome with Failures,Good Outcome with Failures,Aligned,Within Tolerance,Pass with 3 Variance ,N/A,29/09/2025,September,TL_28,9
45929,5053,Gradbay,"11,16",Good Outcome with Failures,Poor Outcome - Advisor,Unaligned,Out with Tolerance ,Failed - Outcome - with 2 Variance ,N/A,29/09/2025,September,TL_29,9
45930,5401,Over 3 (BAU),"2,14,16",Good Outcome with Failures,Good Outcome with Failures,Aligned,Within Tolerance,Pass with 3 Variance ,Aligned,30/09/2025,September,TL_05,9
45937,5770,Gradbay,2,Good Outcome with Failures,Good Outcome with Failures,Aligned,Within Tolerance,Pass with 1 Variance ,Aligned,07/10/2025,October,TL_29,10
45938,5972,Over 3 (BAU),"6,14,18",Good Outcome,Good Outcome with Failures,Unaligned,Out with Tolerance ,Failed - Outcome - with 3 Variance ,N/A,08/10/2025,October,TL_25,10
45938,5820,Gradbay,"4,6,18",Good Outcome with Failures,Good Outcome with Failures,Aligned,Within Tolerance,Pass with 3 Variance ,Misaligned ,08/10/2025,October,TL_23,10
45945,5827,Gradbay,"2,5",Good Outcome with Failures,Good Outcome with Failures,Aligned,Within Tolerance,Pass with 2 Variance ,Aligned,15/10/2025,October,TL_17,10
45945,5801,Gradbay,"2,4,6,11,12",Good Outcome with Failures,Poor Outcome - Advisor,Unaligned,Out with Tolerance ,Failed - Outcome - with 5 Variance ,Misaligned ,15/10/2025,October,TL_02,10
45951,6053,Gradbay,"4,6,16",Good Outcome with Failures,Good Outcome with Failures,Aligned,Within Tolerance,Pass with 3 Variance ,N/A,21/10/2025,October,TL_27,10
45951,6219,Over 3 (BAU),"4,13,16",Good Outcome with Failures,Good Outcome with Failures,Aligned,Within Tolerance,Pass with 3 Variance ,Aligned,21/10/2025,October,TL_12,10
45951,6100,Over 3 (BAU),"4,11,18",Good Outcome with Failures,Good Outcome with Failures,Aligned,Within Tolerance,Pass with 3 Variance ,Aligned,21/10/2025,October,TL_08,10
45951,6229,Gradbay,"3, 6,14",Good Outcome,Good Outcome,Aligned,Within Tolerance,Pass with 3 Variance ,Aligned,21/10/2025,October,TL_24,10
45952,6193,Over 3 (BAU),"3.4,14,16",Good Outcome with Failures,Good Outcome with Failures,Aligned,Out with Tolerance ,Failed - with 4 variances ,N/A,22/10/2025,October,TL_01,10
45952,6202,0-3 months (bau),"4,12",Good Outcome with Failures,Good Outcome with Failures,Aligned,Within Tolerance,Pass with 2 Variance ,Aligned,22/10/2025,October,TL_21,10
45952,6244,Over 3 (BAU),"7,13,14,18",Good Outcome with Failures,Good Outcome with Failures,Aligned,Out with Tolerance ,Failed - with 4 variances ,N/A,22/10/2025,October,TL_20,10
45952,6312,Over 3 (BAU),"7,8,14",Poor Outcome - Advisor,Poor Outcome - Advisor,Aligned,Within Tolerance,Pass with 3 Variance ,Aligned,22/10/2025,October,TL_26,10
45954,6281,Gradbay,"4,5,13,18",Good Outcome with Failures,Good Outcome with Failures,Aligned,Within Tolerance,Failed - with 4 variances ,Misaligned ,24/10/2025,October,TL_09,10
45954,6341,Gradbay,"5,14,16,18",Good Outcome with Failures,Good Outcome with Failures,Aligned,Out with Tolerance ,Failed - with 4 variances ,Misaligned ,24/10/2025,October,TL_18,10
45954,6266,Gradbay,"2,3",Good Outcome with Failures,Good Outcome with Failures,Aligned,Within Tolerance,Pass with 2 Variance ,Aligned,24/10/2025,October,TL_03,10
45954,6331,Gradbay,18,Good Outcome with Failures,Good Outcome with Failures,Aligned,Within Tolerance,Pass with 1 Variance ,Aligned,24/10/2025,October,TL_13,10
45958,6349,Over 3 (BAU),"3,11,13",Poor Outcome - Advisor,Good Outcome with Failures,Unaligned,Out with Tolerance ,Failed - Outcome - with 3 Variance ,N/A,28/10/2025,October,TL_28,10
45959,6324,Over 3 (BAU),0,Good Outcome with Failures,Good Outcome with Failures,Aligned,Within Tolerance,Pass,Aligned,29/10/2025,October,TL_05,10
45967,6854,Gradbay,"4,13,16,18,19",Good Outcome with Failures,Good Outcome with Failures,Aligned,Out with Tolerance ,Failed - with 5 variances ,Misaligned ,06/11/2025,November,TL_29,11
45967,6868,Over 3 (BAU),"3,12,13,14,16,18",Poor Outcome - Advisor,Poor Outcome - Advisor,Aligned,Out with Tolerance ,Failed - with 6 variances ,Aligned,06/11/2025,November,TL_25,11
45967,6899,Gradbay,"2,14,17,22",Good Outcome with Failures,Good Outcome with Failures,Aligned,Out with Tolerance ,Failed - with 4 variances ,Aligned,06/11/2025,November,TL_23,11
45967,6871,Gradbay,"1,2,3,4",Poor Outcome - Advisor,Poor Outcome - Advisor,Aligned,Out with Tolerance ,Failed - with 4 variances ,Misaligned ,06/11/2025,November,TL_17,11
45971,7008,Gradbay,"2,13,19",Good Outcome with Failures,Good Outcome with Failures,Aligned,Within Tolerance,Pass with 3 Variance ,Misaligned ,10/11/2025,November,TL_02,11
45972,7022,Gradbay,"3,5,17",Good Outcome with Failures,Good Outcome with Failures,Aligned,Within Tolerance,Pass with 3 Variance ,N/A,11/11/2025,November,TL_27,11
45972,7044,Gradbay,"4,6,11",Poor Outcome - Advisor,Poor Outcome - Advisor,Aligned,Within Tolerance,Pass with 3 Variance ,Aligned,11/11/2025,November,TL_14,11
45972,7001,Gradbay,"5,6,18",Good Outcome with Failures,Good Outcome with Failures,Aligned,Within Tolerance,Pass with 3 Variance ,Misaligned ,11/11/2025,November,TL_30,11
45973,6876,Over 3 (BAU),"4,5,12",Good Outcome with Failures,Good Outcome with Failures,Aligned,Within Tolerance,Pass with 3 Variance ,Aligned,12/11/2025,November,TL_12,11
45973,7055,Gradbay,"2,3",Good Outcome with Failures,Good Outcome with Failures,Aligned,Within Tolerance,Pass with 2 Variance ,Aligned,12/11/2025,November,TL_24,11
